
{

  "신 울란바토르": "ULAANBAATAR",
  "베이징/서우두": "BEIJING",
  "방콕/수완나품": "BANGKOK",
  "보홀 팡라오": "BOHOL PANGLAO",
  "뉴어크": "NEWARK",
  "아디스아바바/볼레": "ADDIS ABABA",
  "타이베이": "TAIPEI",
  "상하이/푸동": "SHANGHAI PUDONG",
  "하이퐁": "HAIPHONG",
  "타이중/칭촨강": "TAICHUNG",
  "신울란바토르": "ULAANBAATAR",
  "나트랑": "NHA TRANG",
  "아디스아바바": "ADDIS ABABA",
  "푸꾸옥": "PHU QUOC",
  "아사히카와": "ASAHIKAWA",
  "오클랜드": "AUCKLAND",
  "알마티": "ALMATY",
  "암스테르담": "AMSTERDAM",
  "앵커리지": "ANCHORAGE",
  "아오모리": "AOMORI",
  "아쉬가바트": "ASHGABAT",
  "애틀랜타": "ATLANTA",
  "아부다비": "ABU DHABI",
  "바레인": "BAHRAIN",
  "바르셀로나": "BARCELONA",
  "베이루트": "BEIRUT",
  "코타키나발루": "KOTA KINABALU",
  "방콕": "BANGKOK",
  "브리즈번": "BRISBANE",
  "뭄바이": "MUMBAI",
  "브뤼셀": "BRUSSELS",
  "바젤": "BASEL",
  "부에노스 아이레스": "BUENOS AIRES",
  "반다르스리브가완": "BANDAR SERI BEGAWAN",
  "카이로": "CAIRO",
  "광저우": "GUANGZHOU",
  "마이케티아": "MAIQUETIA",
  "파리": "PARIS",
  "세부": "CEBU",
  "자카르타": "JAKARTA",
  "쾰른": "COLOGNE",
  "정저우": "ZHENGZHOU",
  "창춘": "CHANGCHUN",
  "제주": "JEJU",
  "충칭": "CHONGQING",
  "콜롬보": "COLOMBO",
  "치앙마이": "CHIANG MAI",
  "코펜하겐": "COPENHAGEN",
  "클라크필드": "CLARK FIELD",
  "창사": "CHANGSHA",
  "삿포로": "SAPPORO",
  "청두": "CHENGDU",
  "다카": "DHAKA",
  "다낭": "DA NANG",
  "델리": "DELHI",
  "댈러스": "DALLAS",
  "다롄": "DALIAN",
  "방콕/돈므앙": "BANGKOK",
  "도하": "DOHA",
  "덴파사르": "DENPASAR",
  "디트로이트": "DETROIT",
  "두바이": "DUBAI",
  "뉴욕/뉴어크": "NEW YORK NEWARK",
  "로마": "ROME",
  "후쿠시마": "FUKUSHIMA",
  "프랑크푸르트": "FRANKFURT",
  "비슈케크": "BISHKEK",
  "시즈오카": "SHIZUOKA",
  "후쿠오카": "FUKUOKA",
  "서울/ 김포": "SEOUL GIMPO",
  "고테버그": "GOTHENBURG",
  "상파울루": "SAO PAULO",
  "괌": "GUAM",
  "바쿠": "BAKU",
  "하이커우": "HAIKOU",
  "하노이": "HANOI",
  "헬싱키": "HELSINKI",
  "항저우": "HANGZHOU",
  "화이안": "HUAIAN",
  "히로시마": "HIROSHIMA",
  "하코다테": "HAKODATE",
  "홍콩": "HONG KONG",
  "푸껫": "PHUKET",
  "도쿄/ 하네다": "TOKYO HANEDA",
  "도쿄/하네다": "TOKYO HANEDA",
  "도쿄": "TOKYO",
  "호놀룰루": "HONOLULU",
  "휴스턴": "HOUSTON",
  "하얼빈": "HARBIN",
  "워싱턴": "WASHINGTON",
  "이르쿠츠크": "IRKUTSK",
  "에어본 에어파크": "AIRBORNE AIRPARK",
  "인디애나폴리스": "INDIANAPOLIS",
  "이스탄불": "ISTANBUL",
  "뉴욕": "NEW YORK",
  "가오슝": "KAOHSIUNG",
  "난창": "NANCHANG",
  "하바로프스크": "KHABAROVSK",
  "니가타": "NIIGATA",
  "오사카/ 간사이": "OSAKA KANSAI",
  "기타큐슈": "KITAKYUSHU",
  "칼리보": "KALIBO",
  "쿤밍": "KUNMING",
  "미야자키": "MIYAZAKI",
  "구마모토": "KUMAMOTO",
  "고마쓰": "KOMATSU",
  "가고시마": "KAGOSHIMA",
  "카트만두": "KATHMANDU",
  "쿠알라룸푸르": "KUALA LUMPUR",
  "구이양": "GUIYANG",
  "쿠웨이트": "KUWAIT",
  "구이린(계림)": "GUILIN",
  "라스베이거스": "LAS VEGAS",
  "로스앤젤레스": "LOS ANGELES",
  "상트페테르부르크": "SAINT PETERSBURG",
  "런던/히드로": "LONDON HEATHROW",
  "리장": "LIJIANG",
  "룩셈부르크": "LUXEMBOURG",
  "첸나이": "CHENNAI",
  "마드리드": "MADRID",
  "무단장": "MUDANJIANG",
  "멜버른": "MELBOURNE",
  "멤피스": "MEMPHIS",
  "마카오": "MACAU",
  "마이애미": "MIAMI",
  "말레": "MALE",
  "마닐라": "MANILA",
  "뮌헨": "MUNICH",
  "밀라노": "MILAN",
  "마쓰야마": "MATSUYAMA",
  "난디": "NADI",
  "닝보": "NINGBO",
  "나고야": "NAGOYA",
  "나가사키": "NAGASAKI",
  "난징": "NANJING",
  "난닝": "NANNING",
  "누메아": "NOUMEA",
  "도쿄/ 나리타": "TOKYO NARITA",
  "도쿄/나리타": "TOKYO NARITA",
  "오이타": "OITA",
  "오키나와": "OKINAWA",
  "오카야마": "OKAYAMA",
  "시카고": "CHICAGO",
  "오사카": "OSAKA",
  "오슬로": "OSLO",
  "노보시비르스크": "NOVOSIBIRSK",
  "베이징": "BEIJING",
  "페낭": "PENANG",
  "필라델피아": "PHILADELPHIA",
  "프놈펜": "PHNOM PENH",
  "프라하": "PRAGUE",
  "김해": "GIMHAE",
  "상하이/ 푸동": "SHANGHAI PUDONG",
  "시엠립": "SIEM REAP",
  "양곤": "YANGON",
  "코로르": "KOROR",
  "센다이": "SENDAI",
  "시애틀": "SEATTLE",
  "샌프란시스코": "SAN FRANCISCO",
  "수비크": "SUBIC",
  "호찌민": "HO CHI MINH",
  "선양": "SHENYANG",
  "서안": "XIAN",
  "싱가포르": "SINGAPORE",
  "스자좡": "SHIJIAZHUANG",
  "소피아": "SOFIA",
  "사이판": "SAIPAN",
  "산티아고": "SANTIAGO",
  "스톡홀름": "STOCKHOLM",
  "모스크바": "MOSCOW",
  "시드니": "SYDNEY",
  "싼야": "SANYA",
  "선전": "SHENZHEN",
  "대구": "DAEGU",
  "다카마쓰": "TAKAMATSU",
  "칭다오": "QINGDAO",
  "타슈켄트": "TASHKENT",
  "테헤란": "TEHRAN",
  "텔아비브": "TEL AVIV",
  "지난": "JINAN",
  "도야마": "TOYAMA",
  "타이페이": "TAIPEI",
  "아스타나": "ASTANA",
  "톈진": "TIANJIN",
  "울란바토르": "ULAANBAATAR",
  "우루무치": "URUMQI",
  "사할린": "SAKHALIN",
  "비엔나": "VIENNA",
  "비엔티안": "VIENTIANE",
  "블라디보스토크": "VLADIVOSTOK",
  "바르샤바": "WARSAW",
  "웨이하이": "WEIHAI",
  "시안": "XIAN",
  "샤먼": "XIAMEN",
  "요나고": "YONAGO",
  "야쿠츠크": "YAKUTSK",
  "옌지": "YANJI",
  "옌타이": "YANTAI",
  "옌청": "YANCHENG",
  "밴쿠버": "VANCOUVER",
  "캘거리": "CALGARY",
  "토론토": "TORONTO",
  "취리히": "ZURICH"
}
